[
  {
    "Id": 1,
    "Title": "Car",
    "Description": "Ford and beyond. What cars and colors there used to be!",
    "Image": "https://user-images.githubusercontent.com/41929050/61567049-13938600-aa33-11e9-9c69-a4184bf8e524.jpeg"
  },
  {
    "Id": 2,
    "Title": "Plane",
    "Description": "He likes to watch the planes taking off and landing. a plane crash",
    "Image": "https://www.google.com/url?sa=i&url=https%3A%2F%2Funsplash.com%2Fs%2Fphotos%2Fplane&psig=AOvVaw3hZ_dJ5N9ujdWsxijhqh2d&ust=1680893251960000&source=images&cd=vfe&ved=0CBEQjRxqFwoTCIDDpaD0lf4CFQAAAAAdAAAAABAE"
  },
  {
    "Id": 3,
    "Title": "Plane",
    "Description": "He likes to watch the planes taking off and landing. a plane crash",
    "Image": "https://www.google.com/url?sa=i&url=https%3A%2F%2Funsplash.com%2Fs%2Fphotos%2Fplane&psig=AOvVaw3hZ_dJ5N9ujdWsxijhqh2d&ust=1680893251960000&source=images&cd=vfe&ved=0CBEQjRxqFwoTCIDDpaD0lf4CFQAAAAAdAAAAABAE"
  }
]
